Book-Title,Book-Rating,ISBN,Publisher,Image,Genre
The curious affair of the third dog (An Inspector Henry Tibbett mystery),3,30095344,"Holt, Rinehart, and Winston",http://images.amazon.com/images/P/0030095344.01.MZZZZZZZ.jpg,Novel
We the Living,3,451187849,Signet Book,http://images.amazon.com/images/P/0451187849.01.MZZZZZZZ.jpg,self-help
The Dragonlance Chronicles/Dragons of Autumn Twilight/Dragons of Winter Night/Dragons of Spring Dawning (Collectors Edition),1,880386525,Wizards of the Coast,http://images.amazon.com/images/P/0880386525.01.MZZZZZZZ.jpg,fantasy
The Prince of Tides,0,553268880,Bantam Books,http://images.amazon.com/images/P/0553268880.01.MZZZZZZZ.jpg,Mystery
The Loman Family Picnic,0,1568650973,Doubleday Books,http://images.amazon.com/images/P/1568650973.01.MZZZZZZZ.jpg,Mystery
The Stillest Day,1,879518944,Overlook Press,http://images.amazon.com/images/P/0879518944.01.MZZZZZZZ.jpg,Mystery
L'Homme des deux tribus,4,226401654X,Editions 10/18,http://images.amazon.com/images/P/226401654X.01.MZZZZZZZ.jpg,Sci-Fi
The White Dragon (Dragonriders of Pern Vol 3),1,345341678,Del Rey,http://images.amazon.com/images/P/0345341678.01.MZZZZZZZ.jpg,fantasy
My Heart Stood Still,1,425181979,Berkley Publishing Group,http://images.amazon.com/images/P/0425181979.01.MZZZZZZZ.jpg,Sci-Fi
The Silmarillion,4,345325818,Del Rey,http://images.amazon.com/images/P/0345325818.01.MZZZZZZZ.jpg,Mystery
Family Dancing,4,446328456,Warner Books (Mm),http://images.amazon.com/images/P/0446328456.01.MZZZZZZZ.jpg,Mystery
How to Be Good,0,1573221937,Riverhead Books,http://images.amazon.com/images/P/1573221937.01.MZZZZZZZ.jpg,Mystery
Inappropriate Men (Red Dress Ink),2,037325055X,Red Dress Ink,http://images.amazon.com/images/P/037325055X.01.MZZZZZZZ.jpg,Novel
Heir of Sea and Fire #02,4,345334299,Del Rey Books,http://images.amazon.com/images/P/0345334299.01.MZZZZZZZ.jpg,Sci-Fi
Murder on St. Mark's Place (Gaslight Mysteries),4,425173615,Berkley Publishing Group,http://images.amazon.com/images/P/0425173615.01.MZZZZZZZ.jpg,fiction
King of the Murgos (Malloreon (Paperback Random House)),5,345358805,Del Rey Books,http://images.amazon.com/images/P/0345358805.01.MZZZZZZZ.jpg,self-help
Passport to Russian (Berlitz Travel Companions),2,451172000,Signet Book,http://images.amazon.com/images/P/0451172000.01.MZZZZZZZ.jpg,self-help
The Beast: A Journey Through Depression,2,452276950,Plume Books,http://images.amazon.com/images/P/0452276950.01.MZZZZZZZ.jpg,Sci-Fi
Ishmael: An Adventure of the Mind and Spirit,1,553375407,Bantam,http://images.amazon.com/images/P/0553375407.01.MZZZZZZZ.jpg,Sci-Fi
Tough Cookie,1,553578308,Bantam Books,http://images.amazon.com/images/P/0553578308.01.MZZZZZZZ.jpg,fantasy
Slow Waltz in Cedar Bend,0,446601640,Warner Books,http://images.amazon.com/images/P/0446601640.01.MZZZZZZZ.jpg,Sci-Fi
Lost in a Good Book: A Thursday Next Novel,5,670031909,Viking Books,http://images.amazon.com/images/P/0670031909.01.MZZZZZZZ.jpg,Mystery
A Thousand Country Roads,1,446613061,Warner Books,http://images.amazon.com/images/P/0446613061.01.MZZZZZZZ.jpg,self-help
Merlin,5,310205069,Zondervan Publishing Company,http://images.amazon.com/images/P/0310205069.01.MZZZZZZZ.jpg,fiction
Angel Landing,4,425139522,Berkley Publishing Group,http://images.amazon.com/images/P/0425139522.01.MZZZZZZZ.jpg,Novel
Harriet the Spy,5,64406601,HarperTrophy,http://images.amazon.com/images/P/0064406601.01.MZZZZZZZ.jpg,Novel
Dead Sleep,5,451206525,Signet Book,http://images.amazon.com/images/P/0451206525.01.MZZZZZZZ.jpg,fiction
Going Home,0,671749412,Pocket,http://images.amazon.com/images/P/0671749412.01.MZZZZZZZ.jpg,self-help
Children of the Flames: Dr. Josef Mengele and the Untold Story of the Twins of Auschwitz,0,688096956,Harpercollins,http://images.amazon.com/images/P/0688096956.01.MZZZZZZZ.jpg,Sci-Fi
Separate Beds,4,515090379,Jove Books,http://images.amazon.com/images/P/0515090379.01.MZZZZZZZ.jpg,fantasy
Tender at the Bone: Growing Up at the Table,3,767903382,Broadway Books,http://images.amazon.com/images/P/0767903382.01.MZZZZZZZ.jpg,fantasy
Closing Arguments (Ballantine Reader's Circle),4,449907503,Ballantine Books,http://images.amazon.com/images/P/0449907503.01.MZZZZZZZ.jpg,Novel
Ring! Ring! (Sound Board Books ,3,861129679,1993,Brimax Books Ltd,Sci-Fi
Howards End (Vintage International),2,679722556,Vintage Books USA,http://images.amazon.com/images/P/0679722556.01.MZZZZZZZ.jpg,Sci-Fi
Web Style Guide: Basic Design Principles for Creating Web Sites,4,300076754,Yale University Press,http://images.amazon.com/images/P/0300076754.01.MZZZZZZZ.jpg,Sci-Fi
Shinju,0,61009504,HarperTorch,http://images.amazon.com/images/P/0061009504.01.MZZZZZZZ.jpg,Sci-Fi
"Vision of the Future (Star Wars : the Hand of Thrawn/Timothy Zahn, No. 2)",0,553100351,Bantam,http://images.amazon.com/images/P/0553100351.01.MZZZZZZZ.jpg,Novel
The Magician's Assistant,0,156006219,Harvest Books,http://images.amazon.com/images/P/0156006219.01.MZZZZZZZ.jpg,Sci-Fi
A Gift of Love,0,671536621,Pocket Books,http://images.amazon.com/images/P/0671536621.01.MZZZZZZZ.jpg,fiction
Me Talk Pretty One Day,1,316776963,Back Bay Books,http://images.amazon.com/images/P/0316776963.01.MZZZZZZZ.jpg,Mystery
The Body in the Transept (Dorothy Martin Mysteries (Paperback)),3,61011339,HarperTorch,http://images.amazon.com/images/P/0061011339.01.MZZZZZZZ.jpg,fantasy
The Presence,3,449002411,Ballantine Books,http://images.amazon.com/images/P/0449002411.01.MZZZZZZZ.jpg,fiction
"Man from Mundania (Xanth Trilogy, No 12)",1,380752891,Harper Mass Market Paperbacks,http://images.amazon.com/images/P/0380752891.01.MZZZZZZZ.jpg,fantasy
Point of Origin,3,425169863,Berkley Publishing Group,http://images.amazon.com/images/P/0425169863.01.MZZZZZZZ.jpg,Sci-Fi
"Consenting Adults: Or, the Duchess Will Be Furious : A Novel",0,316181846,Little Brown &amp, Co,fantasy
A Time to Kill,4,440211727,Dell,http://images.amazon.com/images/P/0440211727.01.MZZZZZZZ.jpg,self-help
Peter Pan Syndrome: Men Who Have Never Grown Up,3,380688905,Harper Mass Market Paperbacks (Mm),http://images.amazon.com/images/P/0380688905.01.MZZZZZZZ.jpg,fiction
The Discovery of Heaven,3,140239375,Penguin Books,http://images.amazon.com/images/P/0140239375.01.MZZZZZZZ.jpg,fiction
Rebel Baron,1,843952423,Leisure Books,http://images.amazon.com/images/P/0843952423.01.MZZZZZZZ.jpg,fiction
The Lost Get-Back Boogie,5,786889349,Hyperion,http://images.amazon.com/images/P/0786889349.01.MZZZZZZZ.jpg,self-help
The House in Thornton Wood (Candleglow),0,505524775,Love Spell,http://images.amazon.com/images/P/0505524775.01.MZZZZZZZ.jpg,Sci-Fi
PÃ?Â©plum,0,2253144894,LGF,http://images.amazon.com/images/P/2253144894.01.MZZZZZZZ.jpg,fiction
Here on Earth,0,425167313,Berkley Publishing Group,http://images.amazon.com/images/P/0425167313.01.MZZZZZZZ.jpg,fiction
All I Really Need to Know,1,080410526X,Ivy Books,http://images.amazon.com/images/P/080410526X.01.MZZZZZZZ.jpg,Novel
Deadly Decisions,4,671028367,Pocket Books,http://images.amazon.com/images/P/0671028367.01.MZZZZZZZ.jpg,fiction
Falling Sideways,2,1841491101,Orbit Book Co.,http://images.amazon.com/images/P/1841491101.01.MZZZZZZZ.jpg,fantasy
Golden Message,0,093706436X,Shrine of the Eternal Breath of Tao,http://images.amazon.com/images/P/093706436X.01.MZZZZZZZ.jpg,Sci-Fi
The Debutantes,1,553408909,Corgi Books,http://images.amazon.com/images/P/0553408909.01.MZZZZZZZ.jpg,Novel
Travels With Charley,1,553129953,Bantam Books (Mm),http://images.amazon.com/images/P/0553129953.01.MZZZZZZZ.jpg,self-help
Skipping Christmas,4,385508417,Doubleday,http://images.amazon.com/images/P/0385508417.01.MZZZZZZZ.jpg,self-help
Life Support,1,671553046,Pocket,http://images.amazon.com/images/P/0671553046.01.MZZZZZZZ.jpg,fantasy
Thieves World World 1,5,441805841,Penguin Putnam~mass,http://images.amazon.com/images/P/0441805841.01.MZZZZZZZ.jpg,fiction
"Echo Of Thunder (Silhouette Intimate Moments, No 238)",2,373072384,Silhouette,http://images.amazon.com/images/P/0373072384.01.MZZZZZZZ.jpg,Sci-Fi
Mirror Dance,2,671876465,Baen,http://images.amazon.com/images/P/0671876465.01.MZZZZZZZ.jpg,fantasy
Der dritte Zwilling.,4,3404129423,LÃ?Â¼bbe,http://images.amazon.com/images/P/3404129423.01.MZZZZZZZ.jpg,Sci-Fi
Winning With the American Quarter Horse (Doubleday Equestrian Library),3,038546813X,Bantam Dell Pub Group,http://images.amazon.com/images/P/038546813X.01.MZZZZZZZ.jpg,fantasy
"Honeymoon Baby (Do Not Disturb) (Harlequin Presents , No 1985)",3,373119852,Harlequin,http://images.amazon.com/images/P/0373119852.01.MZZZZZZZ.jpg,Sci-Fi
Breathing Lessons,1,042511774X,Berkley Publishing Group,http://images.amazon.com/images/P/042511774X.01.MZZZZZZZ.jpg,fantasy
"Les Dames du faubourg, tome 2 : Le Lit d'acajou",1,2070381498,Gallimard,http://images.amazon.com/images/P/2070381498.01.MZZZZZZZ.jpg,Sci-Fi
Personal Best: The Foremost Philosopher of Fitness Shares Techniques and Tactics for Success and Self-Liberation,4,878579958,Rodale Press,http://images.amazon.com/images/P/0878579958.01.MZZZZZZZ.jpg,fantasy
The Winning Family : Increasing Self-Esteem in Your Children and Yourself,0,096228341X,Lifeskills Press,http://images.amazon.com/images/P/096228341X.01.MZZZZZZZ.jpg,fiction
Peace: 100 Ideas,2,974658200,"CDA Press, San Francisco",http://images.amazon.com/images/P/0974658200.01.MZZZZZZZ.jpg,Novel
"Cry of the Wolf (Avalon, 3)",3,439221684,Scholastic,http://images.amazon.com/images/P/0439221684.01.MZZZZZZZ.jpg,self-help
Des souris et des hommes,2,2070360377,Gallimard,http://images.amazon.com/images/P/2070360377.01.MZZZZZZZ.jpg,Sci-Fi
Dr. Seuss's A B C (I Can Read It All by Myself Beginner Books),3,394800303,Random House Books for Young Readers,http://images.amazon.com/images/P/0394800303.01.MZZZZZZZ.jpg,fantasy
Anne Frank's Tales from the Secret Annex,2,055356983X,Bantam Books,http://images.amazon.com/images/P/055356983X.01.MZZZZZZZ.jpg,self-help
Rabbit-Proof Fence : The True Story of One of the Greatest Escapes of  All Time,2,786887842,Miramax,http://images.amazon.com/images/P/0786887842.01.MZZZZZZZ.jpg,Mystery
"The Organized Executive: A Program for Productivity : New Ways to Manage Time, Paper, and People",5,446977551,Warner Books (Mm),http://images.amazon.com/images/P/0446977551.01.MZZZZZZZ.jpg,fantasy
Running Girl: The Diary of Ebonee Rose,4,152006745,Harcourt,http://images.amazon.com/images/P/0152006745.01.MZZZZZZZ.jpg,Novel
If Loving You is Wrong,5,312970129,St. Martin's True Crime,http://images.amazon.com/images/P/0312970129.01.MZZZZZZZ.jpg,self-help
The Last Precinct,2,425180638,Berkley Publishing Group,http://images.amazon.com/images/P/0425180638.01.MZZZZZZZ.jpg,Mystery
Life of Pi,0,156027321,Harvest Books,http://images.amazon.com/images/P/0156027321.01.MZZZZZZZ.jpg,Mystery
"Total Relaxation: Healing Practices for Body, Mind &amp; Spirit",1,1568362242,Kodansha America,http://images.amazon.com/images/P/1568362242.01.MZZZZZZZ.jpg,Novel
Final Fantasy X Official Strategy Guide,5,744001404,Brady Games,http://images.amazon.com/images/P/0744001404.01.MZZZZZZZ.jpg,Mystery
"The Lake of Tears (Deltora Quest, 2)",2,439253241,Scholastic,http://images.amazon.com/images/P/0439253241.01.MZZZZZZZ.jpg,Novel
The Straw Men,4,515134279,Jove Books,http://images.amazon.com/images/P/0515134279.01.MZZZZZZZ.jpg,fiction
Rosas RÃ?Â¼ckkehr.,3,3352005826,RÃ?Â¼tten &amp, Loening,Novel
Red Rabbit,2,399148701,Putnam Publishing Group,http://images.amazon.com/images/P/0399148701.01.MZZZZZZZ.jpg,self-help
El Ultimo Caton,2,8401328942,"Plaza &amp; Janes Editores, S.A.",http://images.amazon.com/images/P/8401328942.01.MZZZZZZZ.jpg,Mystery
The Left Behind Deception,4,1883012902,Remnant Publications,http://images.amazon.com/images/P/1883012902.01.MZZZZZZZ.jpg,Sci-Fi
Love Me With Fury,2,380764504,Avon Books,http://images.amazon.com/images/P/0380764504.01.MZZZZZZZ.jpg,fiction
The One That Got Away: An Emma Price Mystery (Emma Price Mysteries),1,60199385,HarperCollins Publishers,http://images.amazon.com/images/P/0060199385.01.MZZZZZZZ.jpg,fiction
Letters for Emily,1,743444477,Pocket,http://images.amazon.com/images/P/0743444477.01.MZZZZZZZ.jpg,Novel
Dangerous to Know,0,61092088,HarperTorch,http://images.amazon.com/images/P/0061092088.01.MZZZZZZZ.jpg,Sci-Fi
Oregon and Overland Trail Diary of Mary Louisa Black in 1865 (Images of America),4,936738367,Webb Research Group,http://images.amazon.com/images/P/0936738367.01.MZZZZZZZ.jpg,self-help
Positioning: The Battle for Your Mind,5,446328979,Not Avail,http://images.amazon.com/images/P/0446328979.01.MZZZZZZZ.jpg,Novel
The Jester,0,316602051,"Little, Brown",http://images.amazon.com/images/P/0316602051.01.MZZZZZZZ.jpg,Sci-Fi
Forever in Your Embrace,2,380898187,Avon,http://images.amazon.com/images/P/0380898187.01.MZZZZZZZ.jpg,fantasy
Storm's Fury: And Other Horse Stories,3,1878093312,Boyds Mills Press,http://images.amazon.com/images/P/1878093312.01.MZZZZZZZ.jpg,Novel
Walt Disney's the Perils of Mickey Mouse the Mail Pilot: The Mail Pilot (Golden Look-Look Book),1,030712794X,Random House Childrens Books,http://images.amazon.com/images/P/030712794X.01.MZZZZZZZ.jpg,fiction
Better Homes and Gardens Cross-Stitch Samplers,1,696015129,Meredith Books,http://images.amazon.com/images/P/0696015129.01.MZZZZZZZ.jpg,fantasy
TOLKIEN MAGNETIC POSTCARDS(tm) 12 Full-color Magnetic Postcards to Send or Save,0,762409533,Running Press Book Publishers,http://images.amazon.com/images/P/0762409533.01.MZZZZZZZ.jpg,Novel
SURRENDER THE PINK : SURRENDER THE PINK,5,067166641X,Pocket,http://images.amazon.com/images/P/067166641X.01.MZZZZZZZ.jpg,Mystery
Sybil,1,446359408,Warner Books,http://images.amazon.com/images/P/0446359408.01.MZZZZZZZ.jpg,self-help
Once and Forever,5,380801701,Avon,http://images.amazon.com/images/P/0380801701.01.MZZZZZZZ.jpg,fantasy
Playing for Keeps: Michael Jordan and the World That He Made,4,679415629,Random House Inc,http://images.amazon.com/images/P/0679415629.01.MZZZZZZZ.jpg,Sci-Fi
The Diving Bell and the Butterfly : A Memoir of Life in Death,4,375401156,Knopf,http://images.amazon.com/images/P/0375401156.01.MZZZZZZZ.jpg,Sci-Fi
White Oleander : A Novel,3,316569321,"Little, Brown",http://images.amazon.com/images/P/0316569321.01.MZZZZZZZ.jpg,Sci-Fi
The One Minute Millionaire: The Enlightened Way to Wealth,5,609609491,Harmony,http://images.amazon.com/images/P/0609609491.01.MZZZZZZZ.jpg,self-help
"Bright Lights, Big City: A Novel (Vintage Contemporaries)",1,394726413,Vintage Books USA,http://images.amazon.com/images/P/0394726413.01.MZZZZZZZ.jpg,Sci-Fi
The Cabala,1,881842958,Carroll &amp, Graf Publishers,self-help
Middle of Nowhere,4,786889608,Hyperion,http://images.amazon.com/images/P/0786889608.01.MZZZZZZZ.jpg,self-help
Rich in Love (Contemporary American Fiction),4,140102833,Penguin USA,http://images.amazon.com/images/P/0140102833.01.MZZZZZZZ.jpg,Sci-Fi
Mr. Perfect,1,671034065,Atria,http://images.amazon.com/images/P/0671034065.01.MZZZZZZZ.jpg,self-help
"Welcome to the World, Baby Girl (Ballantine Reader's Circle)",0,044900578X,Ballantine Books,http://images.amazon.com/images/P/044900578X.01.MZZZZZZZ.jpg,self-help
Almanac of Adventure,1,528880632,Rand McNally &amp, Company,Novel
Worlds End,4,067081489X,Penguin Putnam~childrens Hc,http://images.amazon.com/images/P/067081489X.01.MZZZZZZZ.jpg,Mystery
Happenstance: The Wife's Story/the Husband's Story/Two Novels in One About a Marriage in Transition,3,140179518,Penguin Books,http://images.amazon.com/images/P/0140179518.01.MZZZZZZZ.jpg,Mystery
Mary Queen of Scotland and the Isles,1,312950675,St Martins Pr,http://images.amazon.com/images/P/0312950675.01.MZZZZZZZ.jpg,Sci-Fi
The Killer Angels,0,345322282,Ballantine Books,http://images.amazon.com/images/P/0345322282.01.MZZZZZZZ.jpg,Mystery
Hard Men Humble : Vietnam Veterans Who Wouldn't Come Home,4,684842645,Free Press,http://images.amazon.com/images/P/0684842645.01.MZZZZZZZ.jpg,fiction
Bad Company,2,446307386,Warner Books,http://images.amazon.com/images/P/0446307386.01.MZZZZZZZ.jpg,Mystery
Green Mars,0,553572393,Spectra Books,http://images.amazon.com/images/P/0553572393.01.MZZZZZZZ.jpg,fiction
"Nebraska! (Wagons West, # 2)",0,553140701,Bantam,http://images.amazon.com/images/P/0553140701.01.MZZZZZZZ.jpg,fiction
Rafaella,4,553109456,Bantam Books,http://images.amazon.com/images/P/0553109456.01.MZZZZZZZ.jpg,fantasy
The Claddagh Ring (Running Press Miniature Editions (Hardcover)),2,762417080,Running Press Book Publishers,http://images.amazon.com/images/P/0762417080.01.MZZZZZZZ.jpg,self-help
Leaving Earth,4,312255004,Picador USA,http://images.amazon.com/images/P/0312255004.01.MZZZZZZZ.jpg,fantasy
Red Lightning,2,812589122,Tor Books,http://images.amazon.com/images/P/0812589122.01.MZZZZZZZ.jpg,Novel
Cry Wolf,5,055356160X,Bantam,http://images.amazon.com/images/P/055356160X.01.MZZZZZZZ.jpg,Sci-Fi
Spring : An Alphabet Acrostic,4,395822696,Clarion Books,http://images.amazon.com/images/P/0395822696.01.MZZZZZZZ.jpg,Mystery
Black Notice,4,425175405,Berkley Publishing Group,http://images.amazon.com/images/P/0425175405.01.MZZZZZZZ.jpg,Novel
Enough: Lifestyle and Financial Planning for Simpler Living,3,1896836186,Northstone Publishing,http://images.amazon.com/images/P/1896836186.01.MZZZZZZZ.jpg,Novel
Beyond the Burning Lands,3,20423802,Simon Schuster Trade,http://images.amazon.com/images/P/0020423802.01.MZZZZZZZ.jpg,Sci-Fi
Buffy the Vampire Slayer and Philosophy: Fear and Trembling in Sunnydale (Popular Culture and Philosophy Series),1,812695313,Open Court Publishing Company,http://images.amazon.com/images/P/0812695313.01.MZZZZZZZ.jpg,Mystery
Wouldn't Take Nothing for My Journey Now,3,553569074,Bantam Books,http://images.amazon.com/images/P/0553569074.01.MZZZZZZZ.jpg,Novel
A Kitchen Witch's Cookbook,2,1567187072,Llewellyn Publications,http://images.amazon.com/images/P/1567187072.01.MZZZZZZZ.jpg,fantasy
"OUT OF PLACE (Sweet Valley Twins, No 22)",1,553156284,Sweet Valley,http://images.amazon.com/images/P/0553156284.01.MZZZZZZZ.jpg,fantasy
Dracula,4,055321148X,Bantam,http://images.amazon.com/images/P/055321148X.01.MZZZZZZZ.jpg,Mystery
Stone Garden : A Novel,2,60544260,William Morrow,http://images.amazon.com/images/P/0060544260.01.MZZZZZZZ.jpg,fantasy
Head over Heels in the Dales (Dales Series),3,014100522X,Penguin Books,http://images.amazon.com/images/P/014100522X.01.MZZZZZZZ.jpg,Novel
Day of Honor (Star Trek Voyager),4,671019813,Star Trek,http://images.amazon.com/images/P/0671019813.01.MZZZZZZZ.jpg,fantasy
SILVER ON THE TREE,1,689704674,Simon Pulse,http://images.amazon.com/images/P/0689704674.01.MZZZZZZZ.jpg,Novel
And Ladies of the Club,0,425102432,Berkley Publishing Group,http://images.amazon.com/images/P/0425102432.01.MZZZZZZZ.jpg,Sci-Fi
The Best of Crank,1,312867395,Tor Books,http://images.amazon.com/images/P/0312867395.01.MZZZZZZZ.jpg,fiction
The Smoke Jumper,2,440235162,Dell Publishing Company,http://images.amazon.com/images/P/0440235162.01.MZZZZZZZ.jpg,fantasy
Death on the Nile (Hercule Poirot Mysteries (Paperback)),0,425173739,Berkley Publishing Group,http://images.amazon.com/images/P/0425173739.01.MZZZZZZZ.jpg,fantasy
Pigs in Heaven,4,60922532,Perennial,http://images.amazon.com/images/P/0060922532.01.MZZZZZZZ.jpg,fiction
Lucky You,0,679454446,Random House Inc,http://images.amazon.com/images/P/0679454446.01.MZZZZZZZ.jpg,Novel
SHATTERED EYE,5,671477560,Pocket,http://images.amazon.com/images/P/0671477560.01.MZZZZZZZ.jpg,Novel
The Lovely Bones: A Novel,4,316666343,"Little, Brown",http://images.amazon.com/images/P/0316666343.01.MZZZZZZZ.jpg,Mystery
In the Hand of the Goddess (Song of the Lioness (Paperback)),4,679801111,Random House Children's Books,http://images.amazon.com/images/P/0679801111.01.MZZZZZZZ.jpg,Sci-Fi
The Oxford Companion to the English Language (Oxford Companion to English Literature),4,019214183X,Oxford University Press,http://images.amazon.com/images/P/019214183X.01.MZZZZZZZ.jpg,self-help
I Know This Much Is True (Oprah's Book Club),3,60391626,Regan Books,http://images.amazon.com/images/P/0060391626.01.MZZZZZZZ.jpg,self-help
The Lamorna Wink: A Richard Jury Mystery (Richard Jury Mysteries (Paperback)),3,451409361,Onyx Books,http://images.amazon.com/images/P/0451409361.01.MZZZZZZZ.jpg,Sci-Fi
Under Cover of Daylight,3,446352314,Warner Books (Mm),http://images.amazon.com/images/P/0446352314.01.MZZZZZZZ.jpg,Novel
"Krondor the Assassins (The Riftwar Legacy, Book 2)",5,380803232,HarperTorch,http://images.amazon.com/images/P/0380803232.01.MZZZZZZZ.jpg,Sci-Fi
"Kittens in the Kitchen (Animal Ark , No 1)",1,059018749X,Scholastic,http://images.amazon.com/images/P/059018749X.01.MZZZZZZZ.jpg,fantasy
Heartsease,3,207190968,HarperCollins Publishers (Australia) Pty Ltd,http://images.amazon.com/images/P/0207190968.01.MZZZZZZZ.jpg,Mystery
From the Corner of His Eye,0,553582747,Bantam Books,http://images.amazon.com/images/P/0553582747.01.MZZZZZZZ.jpg,fiction
Almost Forever,5,373093276,Silhouette,http://images.amazon.com/images/P/0373093276.01.MZZZZZZZ.jpg,fantasy
Mercy,2,671034022,Pocket,http://images.amazon.com/images/P/0671034022.01.MZZZZZZZ.jpg,fiction
M Is for Malice,2,449223604,Fawcett Books,http://images.amazon.com/images/P/0449223604.01.MZZZZZZZ.jpg,fantasy
Tell No One,1,440236703,Dell Publishing Company,http://images.amazon.com/images/P/0440236703.01.MZZZZZZZ.jpg,Sci-Fi
Hostage,3,345434498,Fawcett Books,http://images.amazon.com/images/P/0345434498.01.MZZZZZZZ.jpg,Mystery
Pay It Forward: A Novel,5,684862719,Simon &amp, Schuster,Mystery
A Lady of Letters (Signet Regency Romance),0,451201701,Signet Book,http://images.amazon.com/images/P/0451201701.01.MZZZZZZZ.jpg,Sci-Fi
Bridget Jones' Diary (Film Tie-in),4,330487612,Pan Macmillan,http://images.amazon.com/images/P/0330487612.01.MZZZZZZZ.jpg,fantasy
Follow the Stars Home,2,553581023,Bantam Books,http://images.amazon.com/images/P/0553581023.01.MZZZZZZZ.jpg,fantasy
The Spaniard's Baby Bargain : Expecting! (Presents),5,373123973,Harlequin,http://images.amazon.com/images/P/0373123973.01.MZZZZZZZ.jpg,fantasy
The SECRET DIARY OF ANNE BOLEYN,1,684849690,Touchstone,http://images.amazon.com/images/P/0684849690.01.MZZZZZZZ.jpg,Sci-Fi
A Kiss of Shadows (Meredith Gentry Novels (Paperback)),5,345423402,Ballantine Books,http://images.amazon.com/images/P/0345423402.01.MZZZZZZZ.jpg,Sci-Fi
Making Peace With Yourself: Transforming Your Weaknesses into Strengths (Formerly Titled : the Achilles Syndrome),1,345322061,Ballantine Books,http://images.amazon.com/images/P/0345322061.01.MZZZZZZZ.jpg,self-help
Watch Me,3,312959974,St. Martin's Press,http://images.amazon.com/images/P/0312959974.01.MZZZZZZZ.jpg,self-help
"In the Time of Dinosaurs (Animorphs Megamorphs, 2)",2,590956159,Apple,http://images.amazon.com/images/P/0590956159.01.MZZZZZZZ.jpg,fantasy
Shoeless Joe,4,345342569,Ballantine Books,http://images.amazon.com/images/P/0345342569.01.MZZZZZZZ.jpg,Mystery
The Last Samurai,2,786887001,Miramax,http://images.amazon.com/images/P/0786887001.01.MZZZZZZZ.jpg,Novel
Das tÃ?Â¤gliche Nichts.,0,3442722632,btb,http://images.amazon.com/images/P/3442722632.01.MZZZZZZZ.jpg,
Oceano Mare,2,8817106100,Biblioteca Universale Rizzoli,http://images.amazon.com/images/P/8817106100.01.MZZZZZZZ.jpg,
Fierce Creatures: A Novel,5,1572971967,Berkley Publishing Group,http://images.amazon.com/images/P/1572971967.01.MZZZZZZZ.jpg,
Night Shift,4,451170113,Signet Book,http://images.amazon.com/images/P/0451170113.01.MZZZZZZZ.jpg,
Whoever Fights Monsters (St. Martin's True Crime Library),3,312950446,St. Martin's Press,http://images.amazon.com/images/P/0312950446.01.MZZZZZZZ.jpg,
A Renaissance Tapestry: The Gonzaga of Mantua,2,60915587,Harpercollins,http://images.amazon.com/images/P/0060915587.01.MZZZZZZZ.jpg,
"Chicken Soup for the Nature Lover's Soul : Inspiring Stories of Joy, Insight and Adventure in the Great Outdoors (Canfield, Jack)",5,757301460,HCI,http://images.amazon.com/images/P/0757301460.01.MZZZZZZZ.jpg,
Winter's Tale (The Pelican Shakespeare),1,140714049,Penguin Books,http://images.amazon.com/images/P/0140714049.01.MZZZZZZZ.jpg,Novel
Taylor's Guide to Gardening Techniques (Taylor's Guide to Gardening),0,395564034,Houghton Mifflin Company,http://images.amazon.com/images/P/0395564034.01.MZZZZZZZ.jpg,fantasy
Blindsighted,1,380820889,HarperTorch,http://images.amazon.com/images/P/0380820889.01.MZZZZZZZ.jpg,fantasy
Broke! : A College Student's Guide to Getting By on Less,3,743252101,Kaplan,http://images.amazon.com/images/P/0743252101.01.MZZZZZZZ.jpg,self-help
Trouble in Paradise (Jesse Stone Novels (Hardcover)),4,399144331,Putnam Pub Group,http://images.amazon.com/images/P/0399144331.01.MZZZZZZZ.jpg,Sci-Fi
Nobody's Baby But Mine,0,380782340,Avon,http://images.amazon.com/images/P/0380782340.01.MZZZZZZZ.jpg,fiction
A Time to Kill,4,440211727,Dell,http://images.amazon.com/images/P/0440211727.01.MZZZZZZZ.jpg,fiction
Per Anhalter durch die Galaxis.,5,3453146972,Heyne,http://images.amazon.com/images/P/3453146972.01.MZZZZZZZ.jpg,self-help
Altered Carbon,5,575073225,Gollancz,http://images.amazon.com/images/P/0575073225.01.MZZZZZZZ.jpg,fantasy
Charlie M,3,345283368,Ballantine Books,http://images.amazon.com/images/P/0345283368.01.MZZZZZZZ.jpg,self-help
The Science of Everyday Life,5,670828327,Penguin USA (Paper),http://images.amazon.com/images/P/0670828327.01.MZZZZZZZ.jpg,fantasy
From Beginning to End: The Rituals of Our Lives,2,804111146,Ivy Books,http://images.amazon.com/images/P/0804111146.01.MZZZZZZZ.jpg,Novel
"Lauf, Jane, lauf. Roman.",1,3442413338,Goldmann,http://images.amazon.com/images/P/3442413338.01.MZZZZZZZ.jpg,Mystery
Canterbury Tales,3,553210130,Bantam Doubleday Dell,http://images.amazon.com/images/P/0553210130.01.MZZZZZZZ.jpg,self-help
Winter and Night (A Bill Smith/Lydia Chin Novel),5,312986688,St. Martin's Minotaur,http://images.amazon.com/images/P/0312986688.01.MZZZZZZZ.jpg,Novel
When the Laird Returns: Book Two of The Highland Lords,0,380813017,Avon,http://images.amazon.com/images/P/0380813017.01.MZZZZZZZ.jpg,Mystery
I Have Lived a Thousand Years : Growing Up in the Holocaust,3,689810229,Simon &amp, Schuster Children's Publishing,Mystery
Only by Your Touch (Signet Books),4,451207947,Signet Book,http://images.amazon.com/images/P/0451207947.01.MZZZZZZZ.jpg,fiction
The Wind's Twelve Quarters,5,055302907X,Bantam Doubleday Dell,http://images.amazon.com/images/P/055302907X.01.MZZZZZZZ.jpg,fantasy
The Berenstain Bears in the Freaky Funhouse (A Big Chapter Books),1,679872442,Random House Children's Books,http://images.amazon.com/images/P/0679872442.01.MZZZZZZZ.jpg,Mystery
How to Be Good,5,1573229326,Riverhead Books,http://images.amazon.com/images/P/1573229326.01.MZZZZZZZ.jpg,Mystery
Tirant Lo Blanc,4,801854210,Johns Hopkins University Press,http://images.amazon.com/images/P/0801854210.01.MZZZZZZZ.jpg,fantasy
"The Bedroom Surrender   Mistress To A Millionaire (Harlequin Presents, 2356)",4,373123566,Harlequin,http://images.amazon.com/images/P/0373123566.01.MZZZZZZZ.jpg,fiction
Great Garden Formulas : The Ultimate Book of Mix-It-Yourself Concoctions for Gardeners,3,875967981,Rodale Press,http://images.amazon.com/images/P/0875967981.01.MZZZZZZZ.jpg,Novel
"Perfect Kiss (Silhouette Shadows, No 24)",4,373270240,Silhouette,http://images.amazon.com/images/P/0373270240.01.MZZZZZZZ.jpg,self-help
"By the Book (Harlequin Blaze, No 85)",4,373790899,Harlequin,http://images.amazon.com/images/P/0373790899.01.MZZZZZZZ.jpg,Novel
Off Camera: Private Thoughts Made Public (Vintage),4,375727086,Vintage Books USA,http://images.amazon.com/images/P/0375727086.01.MZZZZZZZ.jpg,fiction
Seeds of Yesterday (Dollanganger),1,671729489,Pocket,http://images.amazon.com/images/P/0671729489.01.MZZZZZZZ.jpg,fantasy
Winter,1,345359313,Del Rey Books,http://images.amazon.com/images/P/0345359313.01.MZZZZZZZ.jpg,fantasy
The Diamond Cat,3,312956606,St. Martin's Paperbacks,http://images.amazon.com/images/P/0312956606.01.MZZZZZZZ.jpg,Mystery
Psychiatric Nursing Care Plans,3,323014828,C.V. Mosby,http://images.amazon.com/images/P/0323014828.01.MZZZZZZZ.jpg,Sci-Fi
"The Carbohydrate Addict's Lifespan Program: A Personalized Plan for Becoming Slim, Fit, &amp; Healthy in Your 40S, 50S, 60s &amp; Beyond",5,525941746,Penguin USA,http://images.amazon.com/images/P/0525941746.01.MZZZZZZZ.jpg,Sci-Fi
Lonesome Traveler,1,802130747,Grove Press,http://images.amazon.com/images/P/0802130747.01.MZZZZZZZ.jpg,fiction
"Dude, Where's My Country?",1,446532231,Warner Books,http://images.amazon.com/images/P/0446532231.01.MZZZZZZZ.jpg,self-help
Baltic Exchange: From Baltick Coffee House to Baltic Exchange,4,1870948912,Quiller Press Ltd,http://images.amazon.com/images/P/1870948912.01.MZZZZZZZ.jpg,Sci-Fi
Die Glut. Sonderausgabe.,5,3492235875,Piper,http://images.amazon.com/images/P/3492235875.01.MZZZZZZZ.jpg,Mystery
Wraeththu (Wraeththu),0,312890001,Orb Books,http://images.amazon.com/images/P/0312890001.01.MZZZZZZZ.jpg,fantasy
The Best Spiritual Writing 2001 (Best Spiritual Writing),2,62517724,HarperSanFrancisco,http://images.amazon.com/images/P/0062517724.01.MZZZZZZZ.jpg,Novel
The Angelic Darkness,2,1900850303,Arcadia Books,http://images.amazon.com/images/P/1900850303.01.MZZZZZZZ.jpg,Sci-Fi
Thief of Time,3,60199563,HarperCollins Publishers,http://images.amazon.com/images/P/0060199563.01.MZZZZZZZ.jpg,Novel
Fried Green Tomatoes at the Whistle Stop Cafe,0,70212570,McGraw-Hill,http://images.amazon.com/images/P/0070212570.01.MZZZZZZZ.jpg,Sci-Fi
Floodgate,3,449203433,Fawcett Books,http://images.amazon.com/images/P/0449203433.01.MZZZZZZZ.jpg,Mystery
Intensive Care: The Story of a Nurse,5,804102511,Ivy Books,http://images.amazon.com/images/P/0804102511.01.MZZZZZZZ.jpg,fantasy
Virgins of Venice: Broken Vows and Cloistered Lives in the Renaissance Convent,1,670031836,Viking Books,http://images.amazon.com/images/P/0670031836.01.MZZZZZZZ.jpg,Sci-Fi
Material Witness,5,451180208,Signet Book,http://images.amazon.com/images/P/0451180208.01.MZZZZZZZ.jpg,Sci-Fi
"Making The \Terrible\"" Twos Terrific""",1,836228111,Andrews McMeel Publishing,http://images.amazon.com/images/P/0836228111.01.MZZZZZZZ.jpg,self-help
Uncle Tom's Children (Perennial Library),0,60812516,Perennial,http://images.amazon.com/images/P/0060812516.01.MZZZZZZZ.jpg,fiction
Man Who Mistook His Wife for a Hat,2,330294911,Pan Books Ltd,http://images.amazon.com/images/P/0330294911.01.MZZZZZZZ.jpg,Mystery
Naked at Work (And Other Fears): How to Stay Sane When Your Job Drives You Crazy,5,451207084,New American Library,http://images.amazon.com/images/P/0451207084.01.MZZZZZZZ.jpg,self-help
Adventures of Sherlock Holmes (Wordsworth Collection),1,1853260339,NTC/Contemporary Publishing Company,http://images.amazon.com/images/P/1853260339.01.MZZZZZZZ.jpg,self-help
The Bachelor (Warner Books Contemporary Romance),3,446610542,Warner Forever,http://images.amazon.com/images/P/0446610542.01.MZZZZZZZ.jpg,self-help
Fortune's Rocks : A Novel,4,316678104,Back Bay Books,http://images.amazon.com/images/P/0316678104.01.MZZZZZZZ.jpg,self-help
The Outside of August,3,345439155,Ballantine Books,http://images.amazon.com/images/P/0345439155.01.MZZZZZZZ.jpg,self-help
Suttree (Vintage Contemporaries),4,679736328,Vintage Books USA,http://images.amazon.com/images/P/0679736328.01.MZZZZZZZ.jpg,Sci-Fi
Women Who Run with the Wolves,3,345396812,Ballantine Books,http://images.amazon.com/images/P/0345396812.01.MZZZZZZZ.jpg,Mystery
"Call Up The Wind (Harlequin Presents No, 11620)",5,373116209,Harlequin,http://images.amazon.com/images/P/0373116209.01.MZZZZZZZ.jpg,fiction
Fatal Voyage,4,671028375,Pocket,http://images.amazon.com/images/P/0671028375.01.MZZZZZZZ.jpg,fantasy
Night Train to Memphis,2,446602485,Warner Books,http://images.amazon.com/images/P/0446602485.01.MZZZZZZZ.jpg,self-help
A Cup of Tea (Ballantine Reader's Circle),5,345425707,Ballantine Books,http://images.amazon.com/images/P/0345425707.01.MZZZZZZZ.jpg,fiction
A Prayer for Owen Meany,0,345361792,Ballantine Books,http://images.amazon.com/images/P/0345361792.01.MZZZZZZZ.jpg,Mystery
The Reader,0,375707972,Vintage Books USA,http://images.amazon.com/images/P/0375707972.01.MZZZZZZZ.jpg,Mystery
Bride's Book of Etiquette,5,399514961,Berkley Pub Group,http://images.amazon.com/images/P/0399514961.01.MZZZZZZZ.jpg,fiction
Martha Inc.: The Incredible Story of Martha Stewart Living Omnimedia,0,471123005,Wiley,http://images.amazon.com/images/P/0471123005.01.MZZZZZZZ.jpg,Mystery
Burro Genius : A Memoir,1,60526122,Rayo,http://images.amazon.com/images/P/0060526122.01.MZZZZZZZ.jpg,self-help
Baudolino,2,151006903,Harcourt,http://images.amazon.com/images/P/0151006903.01.MZZZZZZZ.jpg,Novel
The Client,2,038542471X,Doubleday Books,http://images.amazon.com/images/P/038542471X.01.MZZZZZZZ.jpg,self-help
The madwoman's underclothes: Essays and occasional writings,5,871131609,Atlantic Monthly Press,http://images.amazon.com/images/P/0871131609.01.MZZZZZZZ.jpg,Sci-Fi
Comedy of Neil Simon,2,380007894,Harpercollins,http://images.amazon.com/images/P/0380007894.01.MZZZZZZZ.jpg,fantasy
Possession : A Romance,0,679735909,Vintage,http://images.amazon.com/images/P/0679735909.01.MZZZZZZZ.jpg,fantasy
A Thin Dark Line (Mysteries &amp,5,553571885,1998,Bantam,fantasy
Big Fish,3,142004278,Penguin USA (Paper),http://images.amazon.com/images/P/0142004278.01.MZZZZZZZ.jpg,Novel
City of Light,2,044023512X,Island,http://images.amazon.com/images/P/044023512X.01.MZZZZZZZ.jpg,Novel
Ethics: Inventing Right and Wrong,5,140135588,Penguin Books,http://images.amazon.com/images/P/0140135588.01.MZZZZZZZ.jpg,Sci-Fi
The Smoke Jumper,3,440235162,Dell Publishing Company,http://images.amazon.com/images/P/0440235162.01.MZZZZZZZ.jpg,fiction
"Virtual Vandals (Tom Clancy's Net Force; Young Adults, No. 1)",1,425161730,Berkley Publishing Group,http://images.amazon.com/images/P/0425161730.01.MZZZZZZZ.jpg,Novel
A Little Princess,3,397306938,HarperCollins,http://images.amazon.com/images/P/0397306938.01.MZZZZZZZ.jpg,Novel
"Emprise (Trigon Disunity/Trilogy, Book 1)",2,441180744,Ace Books,http://images.amazon.com/images/P/0441180744.01.MZZZZZZZ.jpg,Sci-Fi
The Haunted Palace (Disney's the Little Mermaid),5,1562825038,Disney Pr,http://images.amazon.com/images/P/1562825038.01.MZZZZZZZ.jpg,fiction
Under The Dragon: Travels in Burma,5,6530826,Trafalgar Square,http://images.amazon.com/images/P/0006530826.01.MZZZZZZZ.jpg,Mystery
Virgin in the Ice (Brother Cadfael Mysteries),2,446404284,Warner Books,http://images.amazon.com/images/P/0446404284.01.MZZZZZZZ.jpg,fantasy
Grim City,0,031211429X,St Martins Pr,http://images.amazon.com/images/P/031211429X.01.MZZZZZZZ.jpg,self-help
Amrita,3,080211590X,Pub Group West,http://images.amazon.com/images/P/080211590X.01.MZZZZZZZ.jpg,self-help
"Eaters of the Dead: The Manuscript of Ibn Fadlan, Relating His Experiences With the Northmen in A.D. 922",2,345383249,Ballantine Books,http://images.amazon.com/images/P/0345383249.01.MZZZZZZZ.jpg,Novel
Midnight Mistress (Meet Me at Midnight),3,553577468,Fanfare,http://images.amazon.com/images/P/0553577468.01.MZZZZZZZ.jpg,Novel
One Hundred Years of Solitude,4,60929790,Perennial,http://images.amazon.com/images/P/0060929790.01.MZZZZZZZ.jpg,Sci-Fi
Der Kuss des Vampirs.,0,3442451612,Goldmann,http://images.amazon.com/images/P/3442451612.01.MZZZZZZZ.jpg,fantasy
"Sugar Baby (Women Who Dare) (Harlequin Superromance, No 712)",3,373707126,Harlequin,http://images.amazon.com/images/P/0373707126.01.MZZZZZZZ.jpg,Novel
Mercy of a Rude Stream Volume 1- A Star Shines Over Mt. Morris,1,312104995,St Martins Pr,http://images.amazon.com/images/P/0312104995.01.MZZZZZZZ.jpg,Mystery
Why Aren't They Screaming?,3,449217779,Fawcett Books,http://images.amazon.com/images/P/0449217779.01.MZZZZZZZ.jpg,Mystery
In Contempt,4,60391839,Harpercollins,http://images.amazon.com/images/P/0060391839.01.MZZZZZZZ.jpg,Mystery
The Stone Monkey (Lincoln Rhyme Novels (Paperback)),2,743437802,Pocket,http://images.amazon.com/images/P/0743437802.01.MZZZZZZZ.jpg,fantasy
A Beautiful Place to Die : The First Martha's Vineyard Mystery (Martha's Vineyard Mysteries (Avon Books)),5,380711559,Avon,http://images.amazon.com/images/P/0380711559.01.MZZZZZZZ.jpg,Mystery
The Last Bus to Albuquerque,3,1563521830,Longstreet Press,http://images.amazon.com/images/P/1563521830.01.MZZZZZZZ.jpg,Sci-Fi
Storm Warning,4,1551668084,Mira,http://images.amazon.com/images/P/1551668084.01.MZZZZZZZ.jpg,fantasy
Devices and Desires,3,446359750,Warner Books,http://images.amazon.com/images/P/0446359750.01.MZZZZZZZ.jpg,Mystery
Mercedes Nights,4,312010664,Bookthrift Co,http://images.amazon.com/images/P/0312010664.01.MZZZZZZZ.jpg,Mystery
The Glass Teat: Essays of Opinion on the Subject of Television,1,441289886,Ace Books,http://images.amazon.com/images/P/0441289886.01.MZZZZZZZ.jpg,Novel
DINOSAUR BEACH,0,671655817,Baen,http://images.amazon.com/images/P/0671655817.01.MZZZZZZZ.jpg,fiction
Here on Earth (Oprah's Book Club),0,425169693,Berkley Publishing Group,http://images.amazon.com/images/P/0425169693.01.MZZZZZZZ.jpg,Sci-Fi
The Dragons of Eden: Speculations on the Evolution of Human Intelligence,0,394410459,Random House Inc,http://images.amazon.com/images/P/0394410459.01.MZZZZZZZ.jpg,Novel
"These High, Green Hills (The Mitford Years)",2,140257934,Viking Books,http://images.amazon.com/images/P/0140257934.01.MZZZZZZZ.jpg,fantasy
The Other Daughter,2,553576798,Bantam,http://images.amazon.com/images/P/0553576798.01.MZZZZZZZ.jpg,Sci-Fi
Time Pressure,2,441809332,Ace Books,http://images.amazon.com/images/P/0441809332.01.MZZZZZZZ.jpg,Mystery
Secrets of the Tsil Cafe: A Novel With Recipes,5,399147551,Bluehen Books,http://images.amazon.com/images/P/0399147551.01.MZZZZZZZ.jpg,Mystery
Their Eyes Were Watching God,2,60931418,Perennial,http://images.amazon.com/images/P/0060931418.01.MZZZZZZZ.jpg,Novel
Le Monde de Sophie,0,2020219492,Seuil,http://images.amazon.com/images/P/2020219492.01.MZZZZZZZ.jpg,self-help
Female Intelligence,3,312979886,St. Martin's Paperbacks,http://images.amazon.com/images/P/0312979886.01.MZZZZZZZ.jpg,fantasy
"Western Mining: An Informal Account of Precious Metals Prospecting, Placering, Lode Mining and Milling on the American Frontier from Spanish Times T",4,806113529,University of Oklahoma Press,http://images.amazon.com/images/P/0806113529.01.MZZZZZZZ.jpg,Sci-Fi
"Marriage Scheme (Silhouette Romance, No 996)",5,373089961,Silhouette,http://images.amazon.com/images/P/0373089961.01.MZZZZZZZ.jpg,Sci-Fi
Berestain Bears and the Big Red Kite,5,895777312,Penguin Putnam~childrens Hc,http://images.amazon.com/images/P/0895777312.01.MZZZZZZZ.jpg,Mystery
"The Golden Compass (His Dark Materials, Book 1)",0,037582345X,Knopf Books for Young Readers,http://images.amazon.com/images/P/037582345X.01.MZZZZZZZ.jpg,Mystery
Why do Clocks Run Clockwise? and Other Imponderables,5,60954639,Hallmark,http://images.amazon.com/images/P/0060954639.01.MZZZZZZZ.jpg,fiction
Secret Splendor,3,1551660954,Mira,http://images.amazon.com/images/P/1551660954.01.MZZZZZZZ.jpg,Mystery
"Scion's Lady (Gil trilogy, Book 2)",1,441007880,Ace Books,http://images.amazon.com/images/P/0441007880.01.MZZZZZZZ.jpg,fiction
Wayward Wind,2,445202149,Warner Books,http://images.amazon.com/images/P/0445202149.01.MZZZZZZZ.jpg,Mystery
Booze,0,770508936,1972,Macmillan of Canada,self-help
